-- phpMyAdmin SQL Dump
-- version 4.0.10.20
-- https://www.phpmyadmin.net
--
-- โฮสต์: localhost
-- เวลาในการสร้าง: 
-- เวอร์ชั่นของเซิร์ฟเวอร์: 10.1.36-MariaDB
-- รุ่นของ PHP: 5.3.28

SET SQL_MODE = "NO_AUTO_VALUE_ON_ZERO";
SET time_zone = "+00:00";


/*!40101 SET @OLD_CHARACTER_SET_CLIENT=@@CHARACTER_SET_CLIENT */;
/*!40101 SET @OLD_CHARACTER_SET_RESULTS=@@CHARACTER_SET_RESULTS */;
/*!40101 SET @OLD_COLLATION_CONNECTION=@@COLLATION_CONNECTION */;
/*!40101 SET NAMES utf8 */;

--
-- ฐานข้อมูล: `repair`
--

-- --------------------------------------------------------

--
-- โครงสร้างตาราง `inventory`
--

CREATE TABLE IF NOT EXISTS `inventory` (
  `id` int(11) NOT NULL AUTO_INCREMENT,
  `serial` varchar(20) COLLATE utf8_unicode_ci NOT NULL,
  `c_name` varchar(100) COLLATE utf8_unicode_ci NOT NULL,
  `type_id` int(11) unsigned zerofill NOT NULL,
  `department` int(11) unsigned zerofill NOT NULL,
  `w_id` int(11) NOT NULL,
  PRIMARY KEY (`serial`),
  UNIQUE KEY `id` (`id`),
  KEY `type_id` (`type_id`),
  KEY `department` (`department`),
  KEY `where` (`w_id`)
) ENGINE=InnoDB  DEFAULT CHARSET=utf8 COLLATE=utf8_unicode_ci AUTO_INCREMENT=286 ;

--
-- dump ตาราง `inventory`
--

INSERT INTO `inventory` (`id`, `serial`, `c_name`, `type_id`, `department`, `w_id`) VALUES
(2, '5821-016-0001591-001', 'อุปกรณ์กระจายสัญญาณ ขนาด 48 ช่อง', 00000000003, 00000000004, 1),
(3, '5895-009-0001541-036', 'เครื่องคอมพิวเตอร์ชนิดพกพา', 00000000001, 00000000007, 1),
(4, '7110-013-0003541-002', 'คอมพิวเตอร์พร้อมเครื่องพิมพ์', 00000000001, 00000000007, 1),
(5, '7110-013-0003541-003', 'คอมพิวเตอร์พร้อมเครื่องพิมพ์', 00000000001, 00000000007, 1),
(6, '7430-003-0001551-010', 'เครื่องถ่ายเอกสารระบบดิจิตอลชนิดขาวดำความเร็วไม่น้อยกว่า 20แผ่น/นาที', 00000000002, 00000000008, 1),
(7, '7430-003-0001551-011', 'เครื่องถ่ายเอกสารระบบดิจิตอลชนิดขาวดำความเร็วไม่น้อยกว่า 20แผ่น/นาที', 00000000002, 00000000008, 1),
(8, '7430-003-0001551-012', 'เครื่องถ่ายเอกสารระบบดิจิตอลชนิดขาวดำความเร็วไม่น้อยกว่า 20แผ่น/นาที', 00000000002, 00000000007, 1),
(9, '7430-003-0001551-013', 'เครื่องถ่ายเอกสารระบบดิจิตอลชนิดขาวดำความเร็วไม่น้อยกว่า 20แผ่น/นาที', 00000000002, 00000000007, 1),
(10, '7430-003-0001551-014', 'เครื่องถ่ายเอกสารระบบดิจิตอล ความเร็วไม่น้อยกว่า 45 แผ่นต่อนาที', 00000000002, 00000000007, 1),
(11, '7430-003-0001551-015', 'เครื่องถ่ายเอกสารระบบดิจิตอล ความเร็วไม่น้อยกว่า 45 แผ่นต่อนาที', 00000000002, 00000000007, 1),
(12, '7430-003-0001551-016', 'เครื่องถ่ายเอกสารระบบดิจิตอลชนิดสีความเร็วไม่น้อยกว่า 20 แผ่น/นาที', 00000000002, 00000000002, 1),
(13, '7430-003-0001551-022', 'Projector', 00000000003, 00000000009, 1),
(14, '7430-003-0001551-056', 'โน๊ตบุ๊ก', 00000000001, 00000000002, 1),
(15, '7430-003-0001551-057', 'โน๊ตบุ๊ก', 00000000001, 00000000002, 1),
(16, '7430-003-0001551-058', 'เครื่องมัลติมิเดียโปรเจคเตอร์', 00000000003, 00000000002, 1),
(17, '7430-003-0001551-059', 'เครื่องมัลติมิเดียโปรเจคเตอร์', 00000000003, 00000000002, 1),
(18, '7430-003-0001551-060', 'เครื่องมัลติมิเดียโปรเจคเตอร์', 00000000003, 00000000005, 1),
(19, '7430-003-0001551-061', 'เครื่องมัลติมิเดียโปรเจคเตอร์', 00000000003, 00000000009, 1),
(20, '7430-008-0002591-001', 'เครื่องพิมพ์ ', 00000000003, 00000000004, 1),
(21, '7440-001-0001421-001', 'เครื่องไมโครคอมพิวเตอร์สำหรับงานประมวลผลคำ ยี่ห้อไอบีเอ็ม รุ่น 300 จี แอล', 00000000001, 00000000004, 1),
(22, '7440-001-0001421-002', 'เครื่องไมโครคอมพิวเตอร์สำหรับงานประมวลผลคำ ยี่ห้อไอบีเอ็ม รุ่น 300 จี แอล', 00000000001, 00000000004, 1),
(23, '7440-001-0001421-003', 'เครื่องไมโครคอมพิวเตอร์สำหรับงานประมวลผลคำ ยี่ห้อไอบีเอ็ม รุ่น 300 จี แอล', 00000000001, 00000000004, 1),
(24, '7440-001-0001421-004', 'เครื่องไมโครคอมพิวเตอร์สำหรับงานประมวลผลคำ ยี่ห้อไอบีเอ็ม รุ่น 300 จี แอล', 00000000001, 00000000004, 1),
(25, '7440-001-0001421-005', 'เครื่องไมโครคอมพิวเตอร์สำหรับงานประมวลผลคำ ยี่ห้อไอบีเอ็ม รุ่น 300 จี แอล', 00000000001, 00000000004, 1),
(26, '7440-001-0001421-006', 'เครื่องไมโครคอมพิวเตอร์สำหรับงานประมวลผลคำ ยี่ห้อไอบีเอ็ม รุ่น 300 จี แอล', 00000000001, 00000000004, 1),
(27, '7440-001-0001421-007', 'เครื่องไมโครคอมพิวเตอร์สำหรับงานประมวลผลคำ ยี่ห้อไอบีเอ็ม รุ่น 300 จี แอล', 00000000001, 00000000004, 1),
(28, '7440-001-0001421-008', 'เครื่องไมโครคอมพิวเตอร์สำหรับงานประมวลผลคำ ยี่ห้อไอบีเอ็ม รุ่น 300 จี แอล', 00000000001, 00000000004, 1),
(29, '7440-001-0001421-009', 'เครื่องไมโครคอมพิวเตอร์สำหรับงานประมวลผลคำ ยี่ห้อไอบีเอ็ม รุ่น 300 จี แอล', 00000000001, 00000000004, 1),
(30, '7440-001-0001421-010', 'เครื่องไมโครคอมพิวเตอร์สำหรับงานประมวลผลคำ ยี่ห้อไอบีเอ็ม รุ่น 300 จี แอล', 00000000001, 00000000004, 1),
(31, '7440-001-0001431-013', 'เครื่องไมโครคอมพิวเตอร์สำหรับงานประมวลผลคำ', 00000000001, 00000000004, 1),
(32, '7440-001-0001431-014', 'เครื่องไมโครคอมพิวเตอร์สำหรับงานประมวลผลคำ', 00000000001, 00000000004, 1),
(33, '7440-001-0001431-015', 'เครื่องไมโครคอมพิวเตอร์สำหรับงานประมวลผลคำ', 00000000001, 00000000004, 1),
(34, '7440-001-0001431-016', 'เครื่องไมโครคอมพิวเตอร์สำหรับงานประมวลผลคำ', 00000000001, 00000000004, 1),
(35, '7440-001-0001431-017', 'เครื่องไมโครคอมพิวเตอร์สำหรับงานประมวลผลคำ', 00000000001, 00000000004, 1),
(36, '7440-001-0001431-018', 'เครื่องไมโครคอมพิวเตอร์สำหรับงานประมวลผลคำ', 00000000001, 00000000004, 1),
(37, '7440-001-0001431-019', 'เครื่องไมโครคอมพิวเตอร์สำหรับงานประมวลผลคำ', 00000000001, 00000000004, 1),
(38, '7440-001-0001431-020', 'เครื่องไมโครคอมพิวเตอร์สำหรับงานประมวลผลคำ', 00000000001, 00000000004, 1),
(39, '7440-001-0001431-021', 'เครื่องไมโครคอมพิวเตอร์สำหรับงานประมวลผลคำ', 00000000001, 00000000004, 1),
(40, '7440-001-0001431-022', 'เครื่องไมโครคอมพิวเตอร์สำหรับงานประมวลผลคำ', 00000000001, 00000000004, 1),
(41, '7440-001-0001431-023', 'เครื่องไมโครคอมพิวเตอร์สำหรับงานประมวลผลคำ', 00000000001, 00000000004, 1),
(42, '7440-001-0001431-024', 'เครื่องไมโครคอมพิวเตอร์สำหรับงานประมวลผลคำ', 00000000001, 00000000004, 1),
(43, '7440-001-0001431-025', 'เครื่องไมโครคอมพิวเตอร์สำหรับงานประมวลผลคำ', 00000000001, 00000000004, 1),
(44, '7440-001-0001431-026', 'เครื่องไมโครคอมพิวเตอร์สำหรับงานประมวลผลคำ', 00000000001, 00000000004, 1),
(45, '7440-001-0001431-027', 'เครื่องไมโครคอมพิวเตอร์สำหรับงานประมวลผลคำ', 00000000001, 00000000004, 1),
(46, '7440-001-0001431-028', 'เครื่องไมโครคอมพิวเตอร์สำหรับงานประมวลผลคำ', 00000000001, 00000000004, 1),
(47, '7440-001-0001431-029', 'เครื่องไมโครคอมพิวเตอร์สำหรับงานประมวลผลคำ', 00000000001, 00000000004, 1),
(48, '7440-001-0001431-030', 'เครื่องไมโครคอมพิวเตอร์สำหรับงานประมวลผลคำ', 00000000001, 00000000004, 1),
(49, '7440-001-0001431-031', 'เครื่องไมโครคอมพิวเตอร์สำหรับงานประมวลผลคำ', 00000000001, 00000000004, 1),
(50, '7440-001-0001431-032', 'เครื่องไมโครคอมพิวเตอร์สำหรับงานประมวลผลคำ', 00000000001, 00000000004, 1),
(51, '7440-001-0001441-033', 'เครื่องไมโครคอมพิวเตอร์สำหรับงานประมวลผลคำ', 00000000001, 00000000004, 1),
(52, '7440-001-0001441-034', 'เครื่องไมโครคอมพิวเตอร์สำหรับงานประมวลผลคำ', 00000000001, 00000000004, 1),
(53, '7440-001-0001441-035', 'เครื่องไมโครคอมพิวเตอร์สำหรับงานประมวลผลคำ', 00000000001, 00000000004, 1),
(54, '7440-001-0001441-036', 'เครื่องไมโครคอมพิวเตอร์สำหรับงานประมวลผลคำ', 00000000001, 00000000004, 1),
(55, '7440-001-0001441-037', 'เครื่องไมโครคอมพิวเตอร์สำหรับงานประมวลผลคำ', 00000000001, 00000000004, 1),
(56, '7440-001-0001441-038', 'เครื่องไมโครคอมพิวเตอร์สำหรับงานประมวลผลคำ', 00000000001, 00000000004, 1),
(57, '7440-001-0001441-039', 'เครื่องไมโครคอมพิวเตอร์สำหรับงานประมวลผลคำ', 00000000001, 00000000004, 1),
(58, '7440-001-0001441-040', 'เครื่องไมโครคอมพิวเตอร์สำหรับงานประมวลผลคำ', 00000000001, 00000000004, 1),
(59, '7440-001-0001441-041', 'เครื่องไมโครคอมพิวเตอร์สำหรับงานประมวลผลคำ', 00000000001, 00000000004, 1),
(60, '7440-001-0001441-042', 'เครื่องไมโครคอมพิวเตอร์สำหรับงานประมวลผลคำ', 00000000001, 00000000004, 1),
(61, '7440-001-0001441-043', 'เครื่องไมโครคอมพิวเตอร์สำหรับงานประมวลผลคำ', 00000000001, 00000000004, 1),
(62, '7440-001-0001441-044', 'เครื่องไมโครคอมพิวเตอร์สำหรับงานประมวลผลคำ', 00000000001, 00000000004, 1),
(63, '7440-001-0001441-045', 'เครื่องไมโครคอมพิวเตอร์สำหรับงานประมวลผลคำ', 00000000001, 00000000004, 1),
(64, '7440-001-0001441-046', 'เครื่องไมโครคอมพิวเตอร์สำหรับงานประมวลผลคำ', 00000000001, 00000000004, 1),
(65, '7440-001-0001441-047', 'เครื่องไมโครคอมพิวเตอร์สำหรับงานประมวลผลคำ', 00000000001, 00000000004, 1),
(66, '7440-001-0002431-001', 'เครื่องไมโครคอมพิวเตอร์สำหรับงานประมวลผลทั่วไป', 00000000001, 00000000004, 1),
(67, '7440-001-0002431-002', 'เครื่องไมโครคอมพิวเตอร์สำหรับงานประมวลผลทั่วไป', 00000000001, 00000000004, 1),
(68, '7440-001-0002504-001', 'เครื่องไมโครคอมพิวเตอร์สำหรับงานประมวลผลทั่วไป', 00000000001, 00000000008, 1),
(69, '7440-001-0002504-002', 'เครื่องไมโครคอมพิวเตอร์สำหรับงานประมวลผลทั่วไป', 00000000001, 00000000009, 1),
(70, '7440-001-0002504-003', 'เครื่องไมโครคอมพิวเตอร์สำหรับงานประมวลผลทั่วไป', 00000000001, 00000000009, 1),
(71, '7440-001-0002504-004', 'เครื่องไมโครคอมพิวเตอร์สำหรับงานประมวลผลทั่วไป', 00000000001, 00000000006, 1),
(72, '7440-001-0002504-005', 'เครื่องไมโครคอมพิวเตอร์สำหรับงานประมวลผลทั่วไป', 00000000001, 00000000006, 1),
(73, '7440-001-0002504-006', 'เครื่องไมโครคอมพิวเตอร์สำหรับงานประมวลผลทั่วไป', 00000000001, 00000000008, 1),
(74, '7440-001-0002521-089', 'เครื่องไมโครคอมพิวเตอร์ยี่ห้อ  Acerรุ่น veriten M256', 00000000001, 00000000001, 1),
(75, '7440-001-0002532-001', 'ชุดเคื่องคอมพิวเตอร์ ประมวลผลคำ SVOA', 00000000001, 00000000004, 1),
(76, '7440-001-0002532-002', 'ชุดเคื่องคอมพิวเตอร์ ประมวลผลคำ SVOA', 00000000001, 00000000004, 1),
(77, '7440-001-0002532-003', 'ชุดเคื่องคอมพิวเตอร์ ประมวลผลคำ SVOA', 00000000001, 00000000004, 1),
(78, '7440-001-0002532-004', 'ชุดเคื่องคอมพิวเตอร์ ประมวลผลคำ SVOA', 00000000001, 00000000004, 1),
(79, '7440-001-0002532-005', 'ชุดเคื่องคอมพิวเตอร์ ประมวลผลคำ SVOA', 00000000001, 00000000004, 1),
(80, '7440-001-0002532-006', 'ชุดเคื่องคอมพิวเตอร์ ประมวลผลคำ SVOA', 00000000001, 00000000004, 1),
(81, '7440-001-0002532-007', 'ชุดเคื่องคอมพิวเตอร์ ประมวลผลคำ SVOA', 00000000001, 00000000004, 1),
(82, '7440-001-0002532-008', 'ชุดเคื่องคอมพิวเตอร์ ประมวลผลคำ SVOA', 00000000001, 00000000004, 1),
(83, '7440-001-0002532-009', 'ชุดเคื่องคอมพิวเตอร์ ประมวลผลคำ SVOA', 00000000001, 00000000004, 1),
(84, '7440-001-0002532-010', 'ชุดเคื่องคอมพิวเตอร์ ประมวลผลคำ SVOA', 00000000001, 00000000004, 1),
(85, '7440-001-0002532-011', 'ชุดเคื่องคอมพิวเตอร์ ประมวลผลคำ SVOA', 00000000001, 00000000004, 1),
(86, '7440-001-0002532-012', 'ชุดเคื่องคอมพิวเตอร์ ประมวลผลคำ SVOA', 00000000001, 00000000004, 1),
(87, '7440-001-0002532-013', 'ชุดเคื่องคอมพิวเตอร์ ประมวลผลคำ SVOA', 00000000001, 00000000004, 1),
(88, '7440-001-0002532-014', 'ชุดเคื่องคอมพิวเตอร์ ประมวลผลคำ SVOA', 00000000001, 00000000004, 1),
(89, '7440-001-0002532-015', 'ชุดเคื่องคอมพิวเตอร์ ประมวลผลคำ SVOA', 00000000001, 00000000004, 1),
(90, '7440-001-0002532-016', 'ชุดเคื่องคอมพิวเตอร์ ประมวลผลคำ SVOA', 00000000001, 00000000004, 1),
(91, '7440-001-0002532-017', 'ชุดเคื่องคอมพิวเตอร์ ประมวลผลคำ SVOA', 00000000001, 00000000004, 1),
(92, '7440-001-0002532-018', 'ชุดเคื่องคอมพิวเตอร์ ประมวลผลคำ SVOA', 00000000001, 00000000004, 1),
(93, '7440-001-0002532-019', 'ชุดเคื่องคอมพิวเตอร์ ประมวลผลคำ SVOA', 00000000001, 00000000004, 1),
(94, '7440-001-0002532-020', 'ชุดเคื่องคอมพิวเตอร์ ประมวลผลคำ SVOA', 00000000001, 00000000004, 1),
(95, '7440-001-0002532-021', 'ชุดเคื่องคอมพิวเตอร์ ประมวลผลคำ SVOA', 00000000001, 00000000004, 1),
(96, '7440-001-0002532-022', 'ชุดเคื่องคอมพิวเตอร์ ประมวลผลคำ SVOA', 00000000001, 00000000004, 1),
(97, '7440-001-0002532-023', 'ชุดเคื่องคอมพิวเตอร์ ประมวลผลคำ SVOA', 00000000001, 00000000004, 1),
(98, '7440-001-0002532-024', 'ชุดเคื่องคอมพิวเตอร์ ประมวลผลคำ SVOA', 00000000001, 00000000004, 1),
(99, '7440-001-0002532-025', 'ชุดเคื่องคอมพิวเตอร์ ประมวลผลคำ SVOA', 00000000001, 00000000004, 1),
(100, '7440-001-0002532-026', 'ชุดเคื่องคอมพิวเตอร์ ประมวลผลคำ SVOA', 00000000001, 00000000004, 1),
(101, '7440-001-0002532-027', 'ชุดเคื่องคอมพิวเตอร์ ประมวลผลคำ SVOA', 00000000001, 00000000004, 1),
(102, '7440-001-0002532-028', 'ชุดเคื่องคอมพิวเตอร์ ประมวลผลคำ SVOA', 00000000001, 00000000004, 1),
(103, '7440-001-0002532-029', 'ชุดเคื่องคอมพิวเตอร์ ประมวลผลคำ SVOA', 00000000001, 00000000004, 1),
(104, '7440-001-0002532-030', 'ชุดเคื่องคอมพิวเตอร์ ประมวลผลคำ SVOA', 00000000001, 00000000004, 1),
(105, '7440-001-0002532-031', 'ชุดเคื่องคอมพิวเตอร์ ประมวลผลคำ SVOA', 00000000001, 00000000004, 1),
(106, '7440-001-0002532-032', 'ชุดเคื่องคอมพิวเตอร์ ประมวลผลคำ SVOA', 00000000001, 00000000004, 1),
(107, '7440-001-0002532-033', 'ชุดเคื่องคอมพิวเตอร์ ประมวลผลคำ SVOA', 00000000001, 00000000004, 1),
(108, '7440-001-0002532-034', 'ชุดเคื่องคอมพิวเตอร์ ประมวลผลคำ SVOA', 00000000001, 00000000004, 1),
(109, '7440-001-0002532-035', 'ชุดเคื่องคอมพิวเตอร์ ประมวลผลคำ SVOA', 00000000001, 00000000004, 1),
(110, '7440-001-0002532-036', 'ชุดเคื่องคอมพิวเตอร์ ประมวลผลคำ SVOA', 00000000001, 00000000004, 1),
(111, '7440-001-0002532-037', 'ชุดเคื่องคอมพิวเตอร์ ประมวลผลคำ SVOA', 00000000001, 00000000004, 1),
(112, '7440-001-0002532-038', 'ชุดเคื่องคอมพิวเตอร์ ประมวลผลคำ SVOA', 00000000001, 00000000004, 1),
(113, '7440-001-0002532-039', 'ชุดเคื่องคอมพิวเตอร์ ประมวลผลคำ SVOA', 00000000001, 00000000004, 1),
(114, '7440-001-0002532-040', 'ชุดเคื่องคอมพิวเตอร์ ประมวลผลคำ SVOA', 00000000001, 00000000004, 1),
(115, '7440-001-0002591-001', 'เครื่องไมโครคอมพิวเตอร์สำหรับประมวลผล', 00000000001, 00000000004, 1),
(116, '7440-001-0002591-002', 'เครื่องไมโครคอมพิวเตอร์สำหรับประมวลผล', 00000000001, 00000000004, 1),
(117, '7440-001-0002591-003', 'เครื่องไมโครคอมพิวเตอร์สำหรับประมวลผล', 00000000001, 00000000004, 1),
(118, '7440-001-0002591-004', 'เครื่องไมโครคอมพิวเตอร์สำหรับประมวลผล', 00000000001, 00000000004, 1),
(119, '7440-001-0002591-005', 'เครื่องไมโครคอมพิวเตอร์สำหรับประมวลผล', 00000000001, 00000000004, 1),
(120, '7440-001-0002591-006', 'เครื่องไมโครคอมพิวเตอร์สำหรับประมวลผล', 00000000001, 00000000004, 1),
(121, '7440-001-0002591-007', 'เครื่องไมโครคอมพิวเตอร์สำหรับประมวลผล', 00000000001, 00000000004, 1),
(122, '7440-001-0002591-008', 'เครื่องไมโครคอมพิวเตอร์สำหรับประมวลผล', 00000000001, 00000000004, 1),
(123, '7440-001-0002591-009', 'เครื่องไมโครคอมพิวเตอร์สำหรับประมวลผล', 00000000001, 00000000004, 1),
(124, '7440-001-0002591-010', 'เครื่องไมโครคอมพิวเตอร์สำหรับประมวลผล', 00000000001, 00000000004, 1),
(125, '7440-001-0002591-011', 'เครื่องไมโครคอมพิวเตอร์สำหรับประมวลผล', 00000000001, 00000000004, 1),
(126, '7440-001-0002591-012', 'เครื่องไมโครคอมพิวเตอร์สำหรับประมวลผล', 00000000001, 00000000004, 1),
(127, '7440-001-0002591-013', 'เครื่องไมโครคอมพิวเตอร์สำหรับประมวลผล', 00000000001, 00000000004, 1),
(128, '7440-001-0002591-014', 'เครื่องไมโครคอมพิวเตอร์สำหรับประมวลผล', 00000000001, 00000000004, 1),
(129, '7440-001-0002591-015', 'เครื่องไมโครคอมพิวเตอร์สำหรับประมวลผล', 00000000001, 00000000004, 1),
(130, '7440-001-0002591-016', 'เครื่องไมโครคอมพิวเตอร์สำหรับประมวลผล', 00000000001, 00000000004, 1),
(131, '7440-001-0002591-017', 'เครื่องไมโครคอมพิวเตอร์สำหรับประมวลผล', 00000000001, 00000000004, 1),
(132, '7440-001-0002591-018', 'เครื่องไมโครคอมพิวเตอร์สำหรับประมวลผล', 00000000001, 00000000004, 1),
(133, '7440-001-0002591-019', 'เครื่องไมโครคอมพิวเตอร์สำหรับประมวลผล', 00000000001, 00000000004, 1),
(134, '7440-001-0002591-020', 'เครื่องไมโครคอมพิวเตอร์สำหรับประมวลผล', 00000000001, 00000000004, 1),
(135, '7440-001-0002591-021', 'เครื่องไมโครคอมพิวเตอร์สำหรับประมวลผล', 00000000001, 00000000004, 1),
(136, '7440-001-0002591-022', 'เครื่องไมโครคอมพิวเตอร์สำหรับประมวลผล', 00000000001, 00000000004, 1),
(137, '7440-001-0002591-023', 'เครื่องไมโครคอมพิวเตอร์สำหรับประมวลผล', 00000000001, 00000000004, 1),
(138, '7440-001-0002591-024', 'เครื่องไมโครคอมพิวเตอร์สำหรับประมวลผล', 00000000001, 00000000004, 1),
(139, '7440-001-0002591-025', 'เครื่องไมโครคอมพิวเตอร์สำหรับประมวลผล', 00000000001, 00000000004, 1),
(140, '7440-001-0002591-026', 'เครื่องไมโครคอมพิวเตอร์สำหรับประมวลผล', 00000000001, 00000000004, 1),
(141, '7440-001-0002591-027', 'เครื่องไมโครคอมพิวเตอร์สำหรับประมวลผล', 00000000001, 00000000004, 1),
(142, '7440-001-0002591-028', 'เครื่องไมโครคอมพิวเตอร์สำหรับประมวลผล', 00000000001, 00000000004, 1),
(143, '7440-001-0002591-029', 'เครื่องไมโครคอมพิวเตอร์สำหรับประมวลผล', 00000000001, 00000000004, 1),
(144, '7440-001-0002591-030', 'เครื่องไมโครคอมพิวเตอร์สำหรับประมวลผล', 00000000001, 00000000004, 1),
(145, '7440-001-0002591-031', 'เครื่องไมโครคอมพิวเตอร์สำหรับประมวลผล', 00000000001, 00000000004, 1),
(146, '7440-001-0002591-032', 'เครื่องไมโครคอมพิวเตอร์สำหรับประมวลผล', 00000000001, 00000000004, 1),
(147, '7440-001-0002591-033', 'เครื่องไมโครคอมพิวเตอร์สำหรับประมวลผล', 00000000001, 00000000004, 1),
(148, '7440-001-0003591-001', 'เครื่องคอมพิวเตอร์โน๊ตบุ้ค', 00000000001, 00000000004, 1),
(149, '7440-001-0004561-001', 'เครื่องคอมพิวเตอร์สำหรับงานประมวลผล', 00000000001, 00000000004, 1),
(150, '7440-001-0004561-002', 'เครื่องคอมพิวเตอร์สำหรับงานประมวลผล', 00000000001, 00000000004, 1),
(151, '7440-001-0004561-003', 'เครื่องคอมพิวเตอร์สำหรับงานประมวลผล', 00000000001, 00000000004, 1),
(152, '7440-001-0004561-004', 'เครื่องคอมพิวเตอร์สำหรับงานประมวลผล', 00000000001, 00000000004, 1),
(153, '7440-001-0004561-005', 'เครื่องคอมพิวเตอร์สำหรับงานประมวลผล', 00000000001, 00000000004, 1),
(154, '7440-001-0004561-006', 'เครื่องคอมพิวเตอร์สำหรับงานประมวลผล', 00000000001, 00000000004, 1),
(155, '7440-001-0004561-007', 'เครื่องคอมพิวเตอร์สำหรับงานประมวลผล', 00000000001, 00000000004, 1),
(156, '7440-001-0004561-008', 'เครื่องคอมพิวเตอร์สำหรับงานประมวลผล', 00000000001, 00000000004, 1),
(157, '7440-001-0004561-009', 'เครื่องคอมพิวเตอร์สำหรับงานประมวลผล', 00000000001, 00000000004, 1),
(158, '7440-001-0004561-010', 'เครื่องคอมพิวเตอร์สำหรับงานประมวลผล', 00000000001, 00000000004, 1),
(159, '7440-001-0004561-011', 'เครื่องคอมพิวเตอร์สำหรับงานประมวลผล', 00000000001, 00000000004, 1),
(160, '7440-001-0004561-012', 'เครื่องคอมพิวเตอร์สำหรับงานประมวลผล', 00000000001, 00000000004, 1),
(161, '7440-001-0004561-013', 'เครื่องคอมพิวเตอร์สำหรับงานประมวลผล', 00000000001, 00000000004, 1),
(162, '7440-001-0004561-014', 'เครื่องคอมพิวเตอร์สำหรับงานประมวลผล', 00000000001, 00000000004, 1),
(163, '7440-001-0004561-015', 'เครื่องคอมพิวเตอร์สำหรับงานประมวลผล', 00000000001, 00000000004, 1),
(164, '7440-001-0004561-016', 'เครื่องคอมพิวเตอร์สำหรับงานประมวลผล', 00000000001, 00000000004, 1),
(165, '7440-001-0004561-017', 'เครื่องคอมพิวเตอร์สำหรับงานประมวลผล', 00000000001, 00000000004, 1),
(166, '7440-001-0004561-018', 'เครื่องคอมพิวเตอร์สำหรับงานประมวลผล', 00000000001, 00000000004, 1),
(167, '7440-001-0004561-019', 'เครื่องคอมพิวเตอร์สำหรับงานประมวลผล', 00000000001, 00000000004, 1),
(168, '7440-001-0004561-020', 'เครื่องคอมพิวเตอร์สำหรับงานประมวลผล', 00000000001, 00000000004, 1),
(169, '7440-001-0004561-021', 'เครื่องคอมพิวเตอร์สำหรับงานประมวลผล', 00000000001, 00000000004, 1),
(170, '7440-001-0004561-022', 'เครื่องคอมพิวเตอร์สำหรับงานประมวลผล', 00000000001, 00000000004, 1),
(171, '7440-001-0004561-023', 'เครื่องคอมพิวเตอร์สำหรับงานประมวลผล', 00000000001, 00000000004, 1),
(172, '7440-001-0004561-024', 'เครื่องคอมพิวเตอร์สำหรับงานประมวลผล', 00000000001, 00000000004, 1),
(173, '7440-001-0004561-025', 'เครื่องคอมพิวเตอร์สำหรับงานประมวลผล', 00000000001, 00000000004, 1),
(174, '7440-001-0004561-026', 'เครื่องคอมพิวเตอร์สำหรับงานประมวลผล', 00000000001, 00000000004, 1),
(175, '7440-001-0004561-027', 'เครื่องคอมพิวเตอร์สำหรับงานประมวลผล', 00000000001, 00000000004, 1),
(176, '7440-001-0004561-028', 'เครื่องคอมพิวเตอร์สำหรับงานประมวลผล', 00000000001, 00000000004, 1),
(177, '7440-001-0004561-029', 'อุปกรณ์กระจายสัญญาณ(L2 Switch)', 00000000003, 00000000004, 1),
(178, '7440-001-0004561-030', 'อุปกรณ์กระจายสัญญาณ(L2 Switch)', 00000000003, 00000000004, 1),
(179, '7440-001-0004561-032', 'เครื่องมัลติมิเดียโปรเจคเตอร์ ระดับ XGA ขนาด 3,200 ANSI Lumens ยี่ห้อ ViewSonic', 00000000003, 00000000004, 1),
(180, '7440-001-0005541-002', 'คอมพิวเตอร์ประมวลผลทั่วไป', 00000000001, 00000000005, 1),
(181, '7440-001-0005541-003', 'คอมพิวเตอร์ประมวลผลทั่วไป', 00000000001, 00000000005, 1),
(182, '7440-001-0005541-004', 'คอมพิวเตอร์ประมวลผลทั่วไป', 00000000001, 00000000005, 1),
(183, '7440-001-0005541-005', 'คอมพิวเตอร์ประมวลผลทั่วไป', 00000000001, 00000000005, 1),
(184, '7440-001-0005541-006', 'คอมพิวเตอร์ประมวลผลทั่วไป', 00000000001, 00000000005, 1),
(185, '7440-001-0005541-007', 'คอมพิวเตอร์ประมวลผลทั่วไป', 00000000001, 00000000005, 1),
(186, '7440-001-0005541-008', 'คอมพิวเตอร์ประมวลผลทั่วไป', 00000000001, 00000000005, 1),
(187, '7440-001-0005541-009', 'คอมพิวเตอร์ประมวลผลทั่วไป', 00000000001, 00000000005, 1),
(188, '7440-001-0005541-010', 'คอมพิวเตอร์ประมวลผลทั่วไป', 00000000001, 00000000005, 1),
(189, '7440-001-0005541-011', 'คอมพิวเตอร์ประมวลผลทั่วไป', 00000000001, 00000000005, 1),
(190, '7440-001-0005541-012', 'คอมพิวเตอร์ประมวลผลทั่วไป', 00000000001, 00000000005, 1),
(191, '7440-001-0005541-013', 'คอมพิวเตอร์ประมวลผลทั่วไป', 00000000001, 00000000005, 1),
(192, '7440-001-0005541-014', 'คอมพิวเตอร์ประมวลผลทั่วไป', 00000000001, 00000000005, 1),
(193, '7440-001-0005541-015', 'คอมพิวเตอร์ประมวลผลทั่วไป', 00000000001, 00000000005, 1),
(194, '7440-001-0005541-016', 'คอมพิวเตอร์ประมวลผลทั่วไป', 00000000001, 00000000005, 1),
(195, '7440-001-0005541-017', 'คอมพิวเตอร์ประมวลผลทั่วไป', 00000000001, 00000000005, 1),
(196, '7440-001-0005541-034', 'เครื่องพิมพ์ชนิดเลเซอร์สี แบบเครือข่าย', 00000000002, 00000000005, 1),
(197, '7440-001-0005541-035', 'เครื่องมัลติมิเดียโปรเจคเตอร์', 00000000001, 00000000003, 1),
(198, '7440-001-0006541-001', 'ไมโครคอมพิวเตอร์สำหรับงานเขียนแบบ', 00000000001, 00000000003, 1),
(199, '7440-001-0006541-002', 'ไมโครคอมพิวเตอร์สำหรับงานเขียนแบบ', 00000000001, 00000000003, 1),
(200, '7440-001-0006541-003', 'ไมโครคอมพิวเตอร์สำหรับงานเขียนแบบ', 00000000001, 00000000003, 1),
(201, '7440-001-0006541-004', 'ไมโครคอมพิวเตอร์สำหรับงานเขียนแบบ', 00000000001, 00000000003, 1),
(202, '7440-001-0006541-005', 'ไมโครคอมพิวเตอร์สำหรับงานเขียนแบบ', 00000000001, 00000000003, 1),
(203, '7440-001-0006541-006', 'ไมโครคอมพิวเตอร์สำหรับงานเขียนแบบ', 00000000001, 00000000003, 1),
(204, '7440-001-0006541-007', 'ไมโครคอมพิวเตอร์สำหรับงานเขียนแบบ', 00000000001, 00000000003, 1),
(205, '7440-001-0006541-008', 'ไมโครคอมพิวเตอร์สำหรับงานเขียนแบบ', 00000000001, 00000000003, 1),
(206, '7440-001-0006541-009', 'เครื่องพิมพ์เลเซอร์สี', 00000000002, 00000000003, 1),
(207, '7440-010-0001421-001', 'เครื่องพิมพ์แบบฉีดหมึก ขนาด เอ 4', 00000000002, 00000000004, 1),
(208, '7440-010-0001421-002', 'เครื่องพิมพ์แบบฉีดหมึก ขนาด เอ 4', 00000000002, 00000000004, 1),
(209, '7440-010-0002431-002', 'เครื่องพิมพ์แบบเลเซอร์ความเร็วไม่ต่ำกว่า 12  หน้า/นาที', 00000000002, 00000000004, 1),
(210, '7440-010-0002431-003', 'เครื่องพิมพ์แบบเลเซอร์ความเร็วไม่ต่ำกว่า 12  หน้า/นาที', 00000000002, 00000000004, 1),
(211, '7440-010-0002441-003', 'เครื่องพิมพ์แบบเลเซอร์ความเร็วไม่ต่ำกว่า 12  หน้า/นาที', 00000000002, 00000000004, 1),
(212, '7440-010-0002441-004', 'เครื่องพิมพ์แบบเลเซอร์ความเร็วไม่ต่ำกว่า 12  หน้า/นาที', 00000000002, 00000000004, 1),
(213, '7440-010-0003431-001', 'เครื่องพิมพ์ความเร็วไม่ต่ำว่า 300  ตัวอักษร/วินาที', 00000000002, 00000000004, 1),
(214, '7440-010-0003431-002', 'เครื่องพิมพ์ความเร็วไม่ต่ำว่า 300  ตัวอักษร/วินาที', 00000000002, 00000000004, 1),
(215, '7440-010-0005461-001', 'ระบบสายสัญญาณ Hub และแผงวงจรเครือข่าย', 00000000003, 00000000006, 1),
(216, '7440-010-0006521-014', 'เครื่องพิมพ์ printer ยี่ห้อ brother', 00000000002, 00000000009, 1),
(217, '7440-010-0006521-017', 'เครื่องพิมพ์ printer ยี่ห้อ brother', 00000000002, 00000000007, 1),
(218, '7440-010-0006521-020', 'เครื่องพิมพ์ printer ยี่ห้อ brother', 00000000002, 00000000006, 1),
(219, '7740-001-0002461-001', 'เครื่องไมโครคอมพิวเตอร์สำหรับงานประมวลผลระดับสูง', 00000000001, 00000000006, 1),
(220, '7740-001-0002521-010', 'เครื่องไมโครคอมพิวเตอร์ยี่ห้อ Acer รุ่น veriten M256', 00000000001, 00000000004, 1),
(221, '7740-001-0002521-011', 'เครื่องไมโครคอมพิวเตอร์ยี่ห้อ Acer รุ่น veriton M256', 00000000001, 00000000009, 1),
(222, '7740-001-0002521-015', 'เครื่องไมโครคอมพิวเตอร์ยี่ห้อ  Acerรุ่น veriten M256', 00000000001, 00000000002, 1),
(223, '7740-001-0002521-018', 'เครื่องไมโครคอมพิวเตอร์ยี่ห้อ Acer รุ่น veriton M256', 00000000001, 00000000009, 1),
(224, '7740-001-0002521-019', 'เครื่องไมโครคอมพิวเตอร์ยี่ห้อ  Acerรุ่น veriten M256', 00000000001, 00000000003, 1),
(225, '7740-001-0002521-024', 'เครื่องไมโครคอมพิวเตอร์ยี่ห้อ Acer รุ่น veriten M256', 00000000001, 00000000004, 1),
(226, '7740-001-0002521-025', 'เครื่องไมโครคอมพิวเตอร์ยี่ห้อ Acer รุ่น veriten M256', 00000000001, 00000000004, 1),
(227, '7740-001-0002521-026', 'เครื่องไมโครคอมพิวเตอร์ยี่ห้อ Acer รุ่น veriten M256', 00000000001, 00000000004, 1),
(228, '7740-001-0002521-027', 'เครื่องไมโครคอมพิวเตอร์ยี่ห้อ Acer รุ่น veriten M256', 00000000001, 00000000004, 1),
(229, '7740-001-0002521-028', 'เครื่องไมโครคอมพิวเตอร์ยี่ห้อ Acer รุ่น veriten M256', 00000000001, 00000000004, 1),
(230, '7740-001-0002521-029', 'เครื่องไมโครคอมพิวเตอร์ยี่ห้อ Acer รุ่น veriten M256', 00000000001, 00000000004, 1),
(231, '7740-001-0002521-030', 'เครื่องไมโครคอมพิวเตอร์ยี่ห้อ Acer รุ่น veriten M256', 00000000001, 00000000004, 1),
(232, '7740-001-0002521-031', 'เครื่องไมโครคอมพิวเตอร์ยี่ห้อ Acer รุ่น veriten M256', 00000000001, 00000000004, 1),
(233, '7740-001-0002521-032', 'เครื่องไมโครคอมพิวเตอร์ยี่ห้อ Acer รุ่น veriten M256', 00000000001, 00000000004, 1),
(234, '7740-001-0002521-033', 'เครื่องไมโครคอมพิวเตอร์ยี่ห้อ Acer รุ่น veriten M256', 00000000001, 00000000004, 1),
(235, '7740-001-0002521-034', 'เครื่องไมโครคอมพิวเตอร์ยี่ห้อ Acer รุ่น veriten M256', 00000000001, 00000000004, 1),
(236, '7740-001-0002521-035', 'เครื่องไมโครคอมพิวเตอร์ยี่ห้อ Acer รุ่น veriten M256', 00000000001, 00000000004, 1),
(237, '7740-001-0002521-036', 'เครื่องไมโครคอมพิวเตอร์ยี่ห้อ Acer รุ่น veriten M256', 00000000001, 00000000004, 1),
(238, '7740-001-0002521-037', 'เครื่องไมโครคอมพิวเตอร์ยี่ห้อ Acer รุ่น veriten M256', 00000000001, 00000000004, 1),
(239, '7740-001-0002521-038', 'เครื่องไมโครคอมพิวเตอร์ยี่ห้อ Acer รุ่น veriten M256', 00000000001, 00000000004, 1),
(240, '7740-001-0002521-039', 'เครื่องไมโครคอมพิวเตอร์ยี่ห้อ Acer รุ่น veriten M256', 00000000001, 00000000004, 1),
(241, '7740-001-0002521-040', 'เครื่องไมโครคอมพิวเตอร์ยี่ห้อ Acer รุ่น veriten M256', 00000000001, 00000000004, 1),
(242, '7740-001-0002521-041', 'เครื่องไมโครคอมพิวเตอร์ยี่ห้อ Acer รุ่น veriten M256', 00000000001, 00000000004, 1),
(243, '7740-001-0002521-042', 'เครื่องไมโครคอมพิวเตอร์ยี่ห้อ Acer รุ่น veriten M256', 00000000001, 00000000004, 1),
(244, '7740-001-0002521-043', 'เครื่องไมโครคอมพิวเตอร์ยี่ห้อ Acer รุ่น veriten M256', 00000000001, 00000000004, 1),
(245, '7740-001-0002521-044', 'เครื่องไมโครคอมพิวเตอร์ยี่ห้อ Acer รุ่น veriten M256', 00000000001, 00000000004, 1),
(246, '7740-001-0002521-045', 'เครื่องไมโครคอมพิวเตอร์ยี่ห้อ Acer รุ่น veriten M256', 00000000001, 00000000004, 1),
(247, '7740-001-0002521-046', 'เครื่องไมโครคอมพิวเตอร์ยี่ห้อ Acer รุ่น veriten M256', 00000000001, 00000000004, 1),
(248, '7740-001-0002521-047', 'เครื่องไมโครคอมพิวเตอร์ยี่ห้อ Acer รุ่น veriten M256', 00000000001, 00000000004, 1),
(249, '7740-001-0002521-048', 'เครื่องไมโครคอมพิวเตอร์ยี่ห้อ Acer รุ่น veriten M256', 00000000001, 00000000004, 1),
(250, '7740-001-0002521-049', 'เครื่องไมโครคอมพิวเตอร์ยี่ห้อ Acer รุ่น veriten M256', 00000000001, 00000000004, 1),
(251, '7740-001-0002521-050', 'เครื่องไมโครคอมพิวเตอร์ยี่ห้อ Acer รุ่น veriten M256', 00000000001, 00000000004, 1),
(252, '7740-001-0002521-051', 'เครื่องไมโครคอมพิวเตอร์ยี่ห้อ Acer รุ่น veriten M256', 00000000001, 00000000004, 1),
(253, '7740-001-0002521-052', 'เครื่องไมโครคอมพิวเตอร์ยี่ห้อ Acer รุ่น veriten M256', 00000000001, 00000000004, 1),
(254, '7740-001-0002521-053', 'เครื่องไมโครคอมพิวเตอร์ยี่ห้อ Acer รุ่น veriten M256', 00000000001, 00000000004, 1),
(255, '7740-001-0002521-054', 'เครื่องไมโครคอมพิวเตอร์ยี่ห้อ Acer รุ่น veriten M256', 00000000001, 00000000004, 1),
(256, '7740-001-0002521-055', 'เครื่องไมโครคอมพิวเตอร์ยี่ห้อ Acer รุ่น veriten M256', 00000000001, 00000000004, 1),
(257, '7740-001-0002521-056', 'เครื่องไมโครคอมพิวเตอร์ยี่ห้อ Acer รุ่น veriten M256', 00000000001, 00000000004, 1),
(258, '7740-001-0002521-057', 'เครื่องไมโครคอมพิวเตอร์ยี่ห้อ Acer รุ่น veriten M256', 00000000001, 00000000004, 1),
(259, '7740-001-0002521-058', 'เครื่องไมโครคอมพิวเตอร์ยี่ห้อ Acer รุ่น veriten M256', 00000000001, 00000000004, 1),
(260, '7740-001-0002521-059', 'เครื่องไมโครคอมพิวเตอร์ยี่ห้อ Acer รุ่น veriten M256', 00000000001, 00000000004, 1),
(261, '7740-001-0002521-060', 'เครื่องไมโครคอมพิวเตอร์ยี่ห้อ Acer รุ่น veriten M256', 00000000001, 00000000004, 1),
(262, '7740-001-0002521-061', 'เครื่องไมโครคอมพิวเตอร์ยี่ห้อ Acer รุ่น veriten M256', 00000000001, 00000000004, 1),
(263, '7740-001-0002521-062', 'เครื่องไมโครคอมพิวเตอร์ยี่ห้อ Acer รุ่น veriten M256', 00000000001, 00000000004, 1),
(264, '7740-001-0002521-063', 'เครื่องไมโครคอมพิวเตอร์ยี่ห้อ Acer รุ่น veriten M256 ', 00000000001, 00000000004, 1),
(265, '7740-001-0002521-069', 'เครื่องไมโครคอมพิวเตอร์ยี่ห้อ  Acerรุ่น veriten M256', 00000000001, 00000000007, 1),
(266, '7740-001-0002521-070', 'เครื่องไมโครคอมพิวเตอร์ยี่ห้อ  Acerรุ่น veriten M256', 00000000001, 00000000007, 1),
(267, '7740-001-0002521-071', 'เครื่องไมโครคอมพิวเตอร์ยี่ห้อ  Acerรุ่น veriten M256', 00000000001, 00000000007, 1),
(268, '7740-001-0002521-072', 'เครื่องไมโครคอมพิวเตอร์ยี่ห้อ  Acerรุ่น veriten M256', 00000000001, 00000000007, 1),
(269, '7740-001-0002521-073', 'เครื่องไมโครคอมพิวเตอร์ยี่ห้อ  Acerรุ่น veriten M256', 00000000001, 00000000007, 1),
(270, '7740-001-0002521-074', 'เครื่องไมโครคอมพิวเตอร์ยี่ห้อ  Acerรุ่น veriten M256', 00000000001, 00000000007, 1),
(271, '7740-001-0002521-075', 'เครื่องไมโครคอมพิวเตอร์ยี่ห้อ  Acerรุ่น veriten M256', 00000000001, 00000000007, 1),
(272, '7740-001-0002521-076', 'เครื่องไมโครคอมพิวเตอร์ยี่ห้อ  Acerรุ่น veriten M256', 00000000001, 00000000007, 1),
(273, '7740-001-0002521-077', 'เครื่องไมโครคอมพิวเตอร์ยี่ห้อ  Acerรุ่น veriten M256', 00000000001, 00000000007, 1),
(274, '7740-001-0002521-078', 'เครื่องไมโครคอมพิวเตอร์ยี่ห้อ  Acerรุ่น veriten M256', 00000000001, 00000000007, 1),
(275, '7740-001-0002521-079', 'เครื่องไมโครคอมพิวเตอร์ยี่ห้อ  Acerรุ่น veriten M256', 00000000001, 00000000007, 1),
(276, '7740-001-0002521-080', 'เครื่องไมโครคอมพิวเตอร์ยี่ห้อ  Acerรุ่น veriten M256', 00000000001, 00000000007, 1),
(277, '7740-001-0002521-081', 'เครื่องไมโครคอมพิวเตอร์ยี่ห้อ  Acerรุ่น veriten M256', 00000000001, 00000000007, 1),
(278, '7740-001-0002521-082', 'เครื่องไมโครคอมพิวเตอร์ยี่ห้อ  Acerรุ่น veriten M256', 00000000001, 00000000007, 1),
(279, '7740-001-0002521-083', 'เครื่องไมโครคอมพิวเตอร์ยี่ห้อ  Acerรุ่น veriten M256', 00000000001, 00000000007, 1),
(280, '7740-001-0002521-084', 'เครื่องไมโครคอมพิวเตอร์ยี่ห้อ  Acerรุ่น veriten M256', 00000000001, 00000000007, 1),
(281, '7740-001-0002521-085', 'เครื่องไมโครคอมพิวเตอร์ยี่ห้อ  Acerรุ่น veriten M256', 00000000001, 00000000007, 1),
(282, '7740-001-0002521-086', 'เครื่องไมโครคอมพิวเตอร์ยี่ห้อ  Acerรุ่น veriten M256', 00000000001, 00000000007, 1),
(283, '7740-001-0002521-087', 'เครื่องไมโครคอมพิวเตอร์ยี่ห้อ  Acerรุ่น veriten M256', 00000000001, 00000000007, 1),
(284, '7740-001-0002521-088', 'เครื่องไมโครคอมพิวเตอร์ยี่ห้อ  Acerรุ่น veriten M256', 00000000001, 00000000007, 1),
(285, '7740-001-0002521-089', 'เครื่องไมโครคอมพิวเตอร์ยี่ห้อ  Acerรุ่น veriten M256', 00000000001, 00000000007, 1);

-- --------------------------------------------------------

--
-- โครงสร้างตาราง `kind`
--

CREATE TABLE IF NOT EXISTS `kind` (
  `id` int(11) unsigned zerofill NOT NULL,
  `k_name` varchar(30) COLLATE utf8_unicode_ci NOT NULL,
  PRIMARY KEY (`id`)
) ENGINE=InnoDB DEFAULT CHARSET=utf8 COLLATE=utf8_unicode_ci;

--
-- dump ตาราง `kind`
--

INSERT INTO `kind` (`id`, `k_name`) VALUES
(00000000001, 'คอมพิวเตอร์'),
(00000000002, 'ปริ้นเตอร์'),
(00000000003, 'อุปกรณ์อื่นๆ');

-- --------------------------------------------------------

--
-- โครงสร้างตาราง `recieve`
--

CREATE TABLE IF NOT EXISTS `recieve` (
  `d_id` int(11) NOT NULL AUTO_INCREMENT,
  `repair_id` int(11) NOT NULL,
  `recieve` varchar(13) COLLATE utf8_unicode_ci NOT NULL,
  `time` datetime NOT NULL,
  PRIMARY KEY (`d_id`),
  KEY `repair_id` (`repair_id`),
  KEY `recieve` (`recieve`)
) ENGINE=InnoDB  DEFAULT CHARSET=utf8 COLLATE=utf8_unicode_ci AUTO_INCREMENT=39 ;

--
-- dump ตาราง `recieve`
--

INSERT INTO `recieve` (`d_id`, `repair_id`, `recieve`, `time`) VALUES
(26, 3, '1560100467771', '2019-02-22 14:38:17'),
(27, 5, '1560100467771', '2019-02-22 14:52:07'),
(28, 6, '1560100467771', '2019-02-22 15:59:10'),
(29, 7, '1560100467771', '2019-02-22 16:04:21'),
(30, 8, '1560100467771', '2019-02-22 16:21:13'),
(31, 10, '5555555555555', '2019-02-26 11:43:57'),
(32, 9, '1560100467771', '2019-02-24 11:41:18'),
(34, 15, '1560100467771', '2019-02-26 15:20:25'),
(35, 14, '1560100467771', '2019-02-26 15:20:27'),
(36, 11, '1560100467771', '2019-02-26 17:12:34'),
(37, 17, '1234567890123', '2019-02-27 10:49:15'),
(38, 19, '5555555555555', '2019-02-27 11:58:31');

-- --------------------------------------------------------

--
-- โครงสร้างตาราง `repair`
--

CREATE TABLE IF NOT EXISTS `repair` (
  `repair_id` int(11) NOT NULL AUTO_INCREMENT,
  `r_id` varchar(13) COLLATE utf8_unicode_ci NOT NULL,
  `r_date` datetime NOT NULL,
  `r_status` varchar(30) COLLATE utf8_unicode_ci NOT NULL,
  `serial` varchar(20) COLLATE utf8_unicode_ci NOT NULL,
  `at` text COLLATE utf8_unicode_ci NOT NULL,
  `bad` text COLLATE utf8_unicode_ci NOT NULL,
  `fix` text COLLATE utf8_unicode_ci NOT NULL,
  PRIMARY KEY (`repair_id`),
  KEY `r_id` (`r_id`),
  KEY `serial` (`serial`)
) ENGINE=InnoDB  DEFAULT CHARSET=utf8 COLLATE=utf8_unicode_ci AUTO_INCREMENT=22 ;

--
-- dump ตาราง `repair`
--

INSERT INTO `repair` (`repair_id`, `r_id`, `r_date`, `r_status`, `serial`, `at`, `bad`, `fix`) VALUES
(3, '1560100467771', '2019-02-22 14:27:11', 'ซ่อมไม่ได้', '7430-003-0001551-013', 'sadasd', 'sadasd', ''),
(5, '1560100467771', '2019-02-22 14:43:14', 'ซ่อมไม่ได้', '7430-003-0001551-013', 'asd', 'asda', 'sadasd'),
(6, '1560100467771', '2019-02-22 14:52:35', 'ซ่อมไม่ได้', '7430-003-0001551-013', 'dfadsfasd', 'rerewfs', 'sadasd'),
(7, '1560100467771', '2019-02-22 15:01:32', 'ซ่อมไม่ได้', '7440-001-0001421-001', 'asdasd', 'zxczxc', 'asdasd'),
(8, '1560100467771', '2019-02-22 15:02:07', 'ซ่อมสำเร็จ', '7440-010-0001421-002', 'asdasdfasd', 'asdasd', 'sadasd'),
(9, '2222222222228', '2019-02-22 15:44:18', 'ซ่อมไม่ได้', '7440-010-0001421-002', '55', 'เสีย', 'ฟหกหฟก'),
(10, '5555555555511', '2019-02-22 16:05:05', 'ซ่อมไม่ได้', '7440-010-0001421-002', 'ฟหกฟหก', 'หกฟหก', 'ซัดทัิ้ง'),
(11, '1560100467771', '2019-02-24 17:23:54', 'ซ่อมสำเร็จ', '5821-016-0001591-001', 'sdasdsad', 'asdasd', 'ซื้อใหม่'),
(14, '2222222222228', '2019-02-24 18:15:01', 'กำลังดำเนินการ', '5821-016-0001591-001', 'hkjkk', 'jhkjjhk', ''),
(15, '1560100467771', '2019-02-26 10:30:48', 'กำลังดำเนินการ', '7440-010-0001421-001', '999', '555', ''),
(17, '2222222222228', '2019-02-27 10:47:33', 'กำลังดำเนินการ', '7430-003-0001551-011', 'อาคาร5 ชั้น2 ห้อง204', 'ปริ้นไม่ออก', ''),
(19, '2222222222228', '2019-02-27 10:56:58', 'กำลังดำเนินการ', '7440-010-0001421-001', 'sdfsd', 'sdfsdf', 'รอแรม'),
(20, '1560100467771', '2019-02-27 15:05:38', 'แจ้งซ่อมแล้ว', '7430-003-0001551-013', 'asdasd', 'sadasd', ''),
(21, '2222222222228', '2019-02-27 15:20:10', 'แจ้งซ่อมแล้ว', '7430-003-0001551-013', 'asd', 'sadasd', '');

-- --------------------------------------------------------

--
-- โครงสร้างตาราง `type`
--

CREATE TABLE IF NOT EXISTS `type` (
  `id` int(11) unsigned zerofill NOT NULL,
  `name` varchar(30) COLLATE utf8_unicode_ci NOT NULL,
  PRIMARY KEY (`id`)
) ENGINE=InnoDB DEFAULT CHARSET=utf8 COLLATE=utf8_unicode_ci;

--
-- dump ตาราง `type`
--

INSERT INTO `type` (`id`, `name`) VALUES
(00000000001, 'แผนกวิชาเทคนิคพื้นฐาน'),
(00000000002, 'แผนกวิชาช่างอิเล็กทรอนิกส์'),
(00000000003, 'แผนกวิชาช่างไฟฟ้ากำลัง'),
(00000000004, 'แผนกวิชาคอมพิวเตอร์ธุรกิจ'),
(00000000005, 'แผนกวิชาการโรงแรม'),
(00000000006, 'งานห้องสมุด'),
(00000000007, 'แผนกวิชาพณิชยการ'),
(00000000008, 'งานทะเบียน'),
(00000000009, 'งานการเงิน');

-- --------------------------------------------------------

--
-- โครงสร้างตาราง `user`
--

CREATE TABLE IF NOT EXISTS `user` (
  `user_id` int(11) NOT NULL AUTO_INCREMENT,
  `username` varchar(20) COLLATE utf8_unicode_ci NOT NULL,
  `password` varchar(20) COLLATE utf8_unicode_ci NOT NULL,
  `status` varchar(1) COLLATE utf8_unicode_ci NOT NULL,
  `id_card` varchar(13) COLLATE utf8_unicode_ci NOT NULL,
  `time` datetime NOT NULL,
  `count` int(11) NOT NULL,
  `u_w` varchar(2) COLLATE utf8_unicode_ci NOT NULL,
  PRIMARY KEY (`user_id`),
  KEY `id_card` (`id_card`),
  KEY `u_w` (`u_w`)
) ENGINE=InnoDB  DEFAULT CHARSET=utf8 COLLATE=utf8_unicode_ci AUTO_INCREMENT=12 ;

--
-- dump ตาราง `user`
--

INSERT INTO `user` (`user_id`, `username`, `password`, `status`, `id_card`, `time`, `count`, `u_w`) VALUES
(1, 'admin', '1234', '0', '1560100467771', '2019-03-19 10:40:19', 281, '1'),
(2, 'service', '1234', '1', '1234567890123', '2019-02-27 12:13:23', 17, '1'),
(6, 'repair', '1234', '2', '5555555555555', '2019-02-27 15:05:54', 17, '1'),
(7, 'user', '1234', '3', '2222222222228', '2019-02-27 15:06:43', 30, '1'),
(8, 'test', '1234', '3', '5555555555511', '2019-02-27 11:15:12', 4, '1'),
(10, 'test1', '1234', '3', '1909802292442', '0000-00-00 00:00:00', 0, '2'),
(11, 'test99', 'ๅ/-ภ', '3', '1111111111113', '0000-00-00 00:00:00', 0, '2');

-- --------------------------------------------------------

--
-- โครงสร้างตาราง `user_info`
--

CREATE TABLE IF NOT EXISTS `user_info` (
  `info_id` int(11) NOT NULL AUTO_INCREMENT,
  `id_card` varchar(13) COLLATE utf8_unicode_ci NOT NULL,
  `name` varchar(30) COLLATE utf8_unicode_ci NOT NULL,
  `surname` varchar(30) COLLATE utf8_unicode_ci NOT NULL,
  `sex` varchar(1) COLLATE utf8_unicode_ci NOT NULL,
  `email` varchar(30) COLLATE utf8_unicode_ci NOT NULL,
  `phone` varchar(10) COLLATE utf8_unicode_ci NOT NULL,
  `expire_date` date NOT NULL,
  PRIMARY KEY (`id_card`),
  UNIQUE KEY `id` (`info_id`)
) ENGINE=InnoDB  DEFAULT CHARSET=utf8 COLLATE=utf8_unicode_ci AUTO_INCREMENT=11 ;

--
-- dump ตาราง `user_info`
--

INSERT INTO `user_info` (`info_id`, `id_card`, `name`, `surname`, `sex`, `email`, `phone`, `expire_date`) VALUES
(10, '1111111111113', 'asdasd', 'qwer', 'f', 'setthavut_2542@hotmail.com', '0869619191', '1999-12-11'),
(1, '1234567890123', 'เจ้าหน้าที่', 'นะคะ', 'f', 'htc@aa55', '0645451371', '1999-03-26'),
(2, '1560100467771', 'แอดมิน', 'เส้นใหญ่', 'm', '6039010044@htc.ac.th', '0869619191', '1999-03-26'),
(9, '1909802292442', 'ฟหก', 'กกก', 'f', 'setthavut_2542@hotmail.com', '0869619191', '1999-03-22'),
(8, '1909802292444', 'แตม', 'ชนวัว', 'm', 'setthavut_2542@hotmail.com', '0869619191', '2018-01-22'),
(6, '2222222222228', 'ผ่าน', 'โปรเจ็ค', 'm', 'setthavut_2542@hotmail.com', '0645451347', '2017-12-05'),
(7, '5555555555511', 'จบ', 'แน่นอน', 'm', '6010044@htc.ac', '0869619191', '1999-03-26'),
(5, '5555555555555', 'ช่าง', 'ร้ายๆ', 'm', '6044@abc', '0869619191', '2015-03-26');

--
-- Constraints for dumped tables
--

--
-- Constraints for table `inventory`
--
ALTER TABLE `inventory`
  ADD CONSTRAINT `inventory_ibfk_1` FOREIGN KEY (`type_id`) REFERENCES `kind` (`id`) ON DELETE CASCADE ON UPDATE CASCADE,
  ADD CONSTRAINT `inventory_ibfk_2` FOREIGN KEY (`department`) REFERENCES `type` (`id`) ON DELETE CASCADE ON UPDATE CASCADE;

--
-- Constraints for table `recieve`
--
ALTER TABLE `recieve`
  ADD CONSTRAINT `recieve_ibfk_5` FOREIGN KEY (`recieve`) REFERENCES `user_info` (`id_card`) ON DELETE CASCADE ON UPDATE CASCADE,
  ADD CONSTRAINT `recieve_ibfk_6` FOREIGN KEY (`repair_id`) REFERENCES `repair` (`repair_id`) ON DELETE CASCADE ON UPDATE CASCADE;

--
-- Constraints for table `repair`
--
ALTER TABLE `repair`
  ADD CONSTRAINT `repair_ibfk_1` FOREIGN KEY (`r_id`) REFERENCES `user_info` (`id_card`) ON DELETE CASCADE ON UPDATE CASCADE,
  ADD CONSTRAINT `repair_ibfk_2` FOREIGN KEY (`serial`) REFERENCES `inventory` (`serial`) ON DELETE CASCADE ON UPDATE CASCADE;

--
-- Constraints for table `user`
--
ALTER TABLE `user`
  ADD CONSTRAINT `user_ibfk_1` FOREIGN KEY (`id_card`) REFERENCES `user_info` (`id_card`) ON DELETE CASCADE ON UPDATE CASCADE;

/*!40101 SET CHARACTER_SET_CLIENT=@OLD_CHARACTER_SET_CLIENT */;
/*!40101 SET CHARACTER_SET_RESULTS=@OLD_CHARACTER_SET_RESULTS */;
/*!40101 SET COLLATION_CONNECTION=@OLD_COLLATION_CONNECTION */;
